Workbook

Sheet Year
B1: Groceries | C1: Eating Out | D1: Drugs | E1: Car | F1: Bills | G1: Other | I1: Totals
A2: January | B2: =January!B34 -> 0 | C2: =January!C34 -> 0 | D2: =January!D34 -> 0 | E2: =January!E34 -> 0 | F2: =January!F34 -> 0 | G2: =January!H34 -> 0 | I2: =SUM(B2:G2) -> 0
A3: February | B3: =February!B31 -> 0 | C3: =February!C31 -> 0 | D3: =February!D31 -> 0 | E3: =February!E31 -> 0 | F3: =February!F31 -> 0 | G3: =February!H31 -> 0 | I3: =SUM(B3:G3) -> 0
A4: March | B4: 274.95 | C4: =27.11 + 22.57 + 151.28 -> 200.96 | D4: 92.99 | E4: 136.26 | F4: 440.97 | G4: 105.89 | I4: =SUM(B4:G4) -> 1252.02
A5: April | B5: 106.57 | C5: =36.96 + 8 + 12.25 -> 57.21 | D5: 15.95 | E5: 34.23 | F5: =523.19 - E5 -> 488.96 | G5: 257.28 | I5: =SUM(B5:G5) -> 960.2
A6: May | B6: 154.14 | C6: =132.33 + 8.5 + 48.75 -> 189.58 | D6: 29 | E6: 53.98 | F6: 283.96 | G6: 207.7 | I6: =SUM(B6:G6) -> 918.36
A7: June | B7: 219.96 | C7: =157.6 + 83.43 + 8 -> 249.03 | D7: 42.98 | E7: 141.07 | F7: 173.96 | G7: 316.91 | I7: =SUM(B7:G7) -> 1143.91
A8: July | B8: 144.33 | C8: =204.57 + 89.4 + 22.57 -> 316.54 | D8: 141.61 | E8: 125.83 | F8: 193.99 | G8: 316.61 | I8: =SUM(B8:G8) -> 1238.91
A9: August | B9: 127.11 | C9: =121.14 + 73 + 26.5 -> 220.64 | D9: 111.48 | E9: 162.4 | F9: 113.07 | G9: 378.28 | I9: =SUM(B9:G9) -> 1112.98
A10: September | B10: 229.13 | C10: =108.22 + 56.26 + 42.35 -> 206.83 | D10: 52.77 | E10: 196.64 | F10: 166.07 | G10: 695.22 | I10: =SUM(B10:G10) -> 1546.66
A11: October | B11: 67.21 | C11: =99.69 + 39.37 + 5.1 -> 144.16 | D11: 16.68 | E11: 136.68 | F11: 114.1 | G11: 574.19 | I11: =SUM(B11:G11) -> 1053.02
A12: November | B12: 214.06 | C12: =76.14 + 44 + 20.13 -> 140.27 | D12: 73.9 | E12: 340.81 | F12: 41 | G12: 956.11 | I12: =SUM(B12:G12) -> 1766.15
A13: December | B13: 75.17 | C13: =56.62 + 25 + 8.15 -> 89.77 | D13: 39.98 | E13: 93.38 | F13: 469.98 | G13: 433.14 | I13: =SUM(B13:G13) -> 1201.42
A15: Totals | B15: =SUM(B2:B13) -> 1612.63 | C15: =SUM(C2:C13) -> 1814.99 | D15: =SUM(D2:D13) -> 617.34 | E15: =SUM(E2:E13) -> 1421.28 | F15: =SUM(F2:F13) -> 2486.06 | G15: =SUM(G2:G13) -> 4241.33 | I15: =SUM(B15:G15) -> 12193.63
A17: Averages | B17: =QUOTIENT(SUM(B4:B13),10) -> 161 | C17: =QUOTIENT(SUM(C4:C13),10) -> 181 | D17: =QUOTIENT(SUM(D4:D13),10) -> 61 | E17: =QUOTIENT(SUM(E4:E13),10) -> 142 | F17: =QUOTIENT(SUM(F4:F13),10) -> 248 | G17: =QUOTIENT(SUM(G4:G13),10) -> 424 | I17: =QUOTIENT(SUM(I4:I13),10) -> 1219

Sheet January
B1: Groceries | C1: Eating Out | D1: Drugs | E1: Car | F1: Bills | H1: Other
A2: 43466
A3: 43467
A4: 43468
A5: 43469
A6: 43470
A7: 43471
A8: 43472
A9: 43473
A10: 43474
A11: 43475
A12: 43476
A13: 43477
... A32: 43496
A34: Totals | B34: =SUM(B2:B32) -> 0 | C34: =SUM(C2:C32) -> 0 | D34: =SUM(D2:D32) -> 0 | E34: =SUM(E2:E32) -> 0 | F34: =SUM(F2:F32) -> 0 | H34: =SUM(H2:H32) -> 0

Sheet February
B1: Groceries | C1: Eating Out | D1: Drugs | E1: Car | F1: Bills | H1: Other
A2: 43497
A3: 43498
A4: 43499
A5: 43500
A6: 43501
A7: 43502
A8: 43503
A9: 43504
A10: 43505
A11: 43506
A12: 43507
A13: 43508
... A29: 43524
A31: Totals | B31: =SUM(B2:B29) -> 0 | C31: =SUM(C2:C29) -> 0 | D31: =SUM(D2:D29) -> 0 | E31: =SUM(E2:E29) -> 0 | F31: =SUM(F2:F29) -> 0 | H31: =SUM(H2:H29) -> 0

Sheet March
B1: Groceries | C1: Eating Out | D1: Drugs | E1: Car | F1: Bills | H1: Other
A2: 43525
A3: 43526
A4: 43527
A5: 43528
A6: 43529
A7: 43530
A8: 43531
A9: 43532
A10: 43533
A11: 43534
A12: 43535
A13: 43536
... A32: 43555
A34: Totals | B34: =SUM(B5:B32) -> 0 | C34: =SUM(C5:C32) -> 0 | D34: =SUM(D5:D32) -> 0 | E34: =SUM(E5:E32) -> 0 | F34: =SUM(F5:F32) -> 0 | H34: =SUM(H5:H32) -> 0

Sheet April
B1: Groceries | C1: Eating Out | D1: Drugs | E1: Car | F1: Bills | H1: Other
A2: 43556
A3: 43557
A4: 43558
A5: 43559
A6: 43560
A7: 43561
A8: 43562
A9: 43563
A10: 43564
A11: 43565
A12: 43566
A13: 43567
... A31: 43585
A33: Totals | B33: =SUM(B4:B31) -> 0 | C33: =SUM(C4:C31) -> 0 | D33: =SUM(D4:D31) -> 0 | E33: =SUM(E4:E31) -> 0 | F33: =SUM(F4:F31) -> 0 | H33: =SUM(H4:H31) -> 0

Sheet May
B1: Groceries | C1: Eating Out | D1: Drugs | E1: Car | F1: Bills | H1: Other
A2: 43586
A3: 43587
A4: 43588
A5: 43589
A6: 43590
A7: 43591
A8: 43592
A9: 43593
A10: 43594
A11: 43595
A12: 43596
A13: 43597
... A32: 43616
A34: Totals | B34: =SUM(B5:B32) -> 0 | C34: =SUM(C5:C32) -> 0 | D34: =SUM(D5:D32) -> 0 | E34: =SUM(E5:E32) -> 0 | F34: =SUM(F5:F32) -> 0 | H34: =SUM(H5:H32) -> 0

Sheet June
B1: Groceries | C1: Eating Out | D1: Drugs | E1: Car | F1: Bills | H1: Other
A2: 43617
A3: 43618
A4: 43619
A5: 43620
A6: 43621
A7: 43622
A8: 43623
A9: 43624
A10: 43625
A11: 43626
A12: 43627
A13: 43628
... A31: 43646
A33: Totals | B33: =SUM(B4:B31) -> 0 | C33: =SUM(C4:C31) -> 0 | D33: =SUM(D4:D31) -> 0 | E33: =SUM(E4:E31) -> 0 | F33: =SUM(F4:F31) -> 0 | H33: =SUM(H4:H31) -> 0

Sheet July
B1: Groceries | C1: Eating Out | D1: Drugs | E1: Car | F1: Bills | H1: Other
A2: 43647
A3: 43648
A4: 43649
A5: 43650
A6: 43651
A7: 43652
A8: 43653
A9: 43654
A10: 43655
A11: 43656
A12: 43657
A13: 43658
... A32: 43677
A34: Totals | B34: =SUM(B5:B32) -> 0 | C34: =SUM(C5:C32) -> 0 | D34: =SUM(D5:D32) -> 0 | E34: =SUM(E5:E32) -> 0 | F34: =SUM(F5:F32) -> 0 | H34: =SUM(H5:H32) -> 0

Sheet August
B1: Groceries | C1: Eating Out | D1: Drugs | E1: Car | F1: Bills | H1: Other
A2: 43678
A3: 43679
A4: 43680
A5: 43681
A6: 43682
A7: 43683
A8: 43684
A9: 43685
A10: 43686
A11: 43687
A12: 43688
A13: 43689
... A32: 43708
A34: Totals | B34: =SUM(B5:B32) -> 0 | C34: =SUM(C5:C32) -> 0 | D34: =SUM(D5:D32) -> 0 | E34: =SUM(E5:E32) -> 0 | F34: =SUM(F5:F32) -> 0 | H34: =SUM(H5:H32) -> 0

Sheet September
B1: Groceries | C1: Eating Out | D1: Drugs | E1: Car | F1: Bills | H1: Other
A2: 43709
A3: 43710
A4: 43711
A5: 43712
A6: 43713
A7: 43714
A8: 43715
A9: 43716
A10: 43717
A11: 43718
A12: 43719
A13: 43720
... A31: 43738
A33: Totals | B33: =SUM(B4:B31) -> 0 | C33: =SUM(C4:C31) -> 0 | D33: =SUM(D4:D31) -> 0 | E33: =SUM(E4:E31) -> 0 | F33: =SUM(F4:F31) -> 0 | H33: =SUM(H4:H31) -> 0

Sheet October
B1: Groceries | C1: Eating Out | D1: Drugs | E1: Car | F1: Bills | H1: Other
A2: 43739
A3: 43740
A4: 43741
A5: 43742
A6: 43743
A7: 43744
A8: 43745
A9: 43746
A10: 43747
A11: 43748
A12: 43749
A13: 43750
... A32: 43769
A34: Totals | B34: =SUM(B5:B32) -> 0 | C34: =SUM(C5:C32) -> 0 | D34: =SUM(D5:D32) -> 0 | E34: =SUM(E5:E32) -> 0 | F34: =SUM(F5:F32) -> 0 | H34: =SUM(H5:H32) -> 0

Sheet November
B1: Groceries | C1: Eating Out | D1: Drugs | E1: Car | F1: Bills | H1: Other
A2: 43770
A3: 43771
A4: 43772
A5: 43773
A6: 43774
A7: 43775
A8: 43776
A9: 43777
A10: 43778
A11: 43779
A12: 43780
A13: 43781
... A31: 43799
A33: Totals | B33: =SUM(B4:B31) -> 0 | C33: =SUM(C4:C31) -> 0 | D33: =SUM(D4:D31) -> 0 | E33: =SUM(E4:E31) -> 0 | F33: =SUM(F4:F31) -> 0 | H33: =SUM(H4:H31) -> 0

Sheet December
B1: Groceries | C1: Eating Out | D1: Drugs | E1: Car | F1: Bills | H1: Other
A2: 43800
A3: 43801
A4: 43802
A5: 43803
A6: 43804
A7: 43805
A8: 43806
A9: 43807
A10: 43808
A11: 43809
A12: 43810
A13: 43811
... A32: 43830
A34: Totals | B34: =SUM(B5:B32) -> 0 | C34: =SUM(C5:C32) -> 0 | D34: =SUM(D5:D32) -> 0 | E34: =SUM(E5:E32) -> 0 | F34: =SUM(F5:F32) -> 0 | H34: =SUM(H5:H32) -> 0

Sheet Sheet14
A1: D
