Workbook

Sheet Averages
B1: Groceries | C1: Eating Out | D1: Drugs | E1: Car | F1: Bills | G1: Other | I1: Totals
A2: 2016 | B2: ='2016'!B15 -> 1612.63 | C2: ='2016'!C15 -> 1814.99 | D2: ='2016'!D15 -> 617.34 | E2: ='2016'!E15 -> 1421.28 | F2: ='2016'!F15 -> 2486.06 | G2: ='2016'!G15 -> 4241.33 | I2: ='2016'!I15 -> 12193.63
A3: 2017
A4: 2018 | B4: ='2018'!B15 -> 1592.75 | C4: ='2018'!C15 -> 3720.89 | E4: ='2018'!D15 -> 1147.97 | F4: ='2018'!E15 -> 9620.33 | G4: ='2018'!F15 -> 4889.26 | I4: ='2018'!H15 -> 20971.2
A5: 2019

Sheet 2016
B1: Groceries | C1: Eating Out | D1: Drugs | E1: Car | F1: Bills | G1: Other | I1: Totals
A2: January | B2: =[1]January!B34 -> 0 | C2: =[1]January!C34 -> 0 | D2: =[1]January!D34 -> 0 | E2: =[1]January!E34 -> 0 | F2: =[1]January!F34 -> 0 | G2: =[1]January!H34 -> 0 | I2: =SUM(B2:G2) -> 0
A3: February | B3: =[1]February!B31 -> 0 | C3: =[1]February!C31 -> 0 | D3: =[1]February!D31 -> 0 | E3: =[1]February!E31 -> 0 | F3: =[1]February!F31 -> 0 | G3: =[1]February!H31 -> 0 | I3: =SUM(B3:G3) -> 0
A4: March | B4: 274.95 | C4: =27.11 + 22.57 + 151.28 -> 200.96 | D4: 92.99 | E4: 136.26 | F4: 440.97 | G4: 105.89 | I4: =SUM(B4:G4) -> 1252.02
A5: April | B5: 106.57 | C5: =36.96 + 8 + 12.25 -> 57.21 | D5: 15.95 | E5: 34.23 | F5: =523.19 - E5 -> 488.96 | G5: 257.28 | I5: =SUM(B5:G5) -> 960.2
A6: May | B6: 154.14 | C6: =132.33 + 8.5 + 48.75 -> 189.58 | D6: 29 | E6: 53.98 | F6: 283.96 | G6: 207.7 | I6: =SUM(B6:G6) -> 918.36
A7: June | B7: 219.96 | C7: =157.6 + 83.43 + 8 -> 249.03 | D7: 42.98 | E7: 141.07 | F7: 173.96 | G7: 316.91 | I7: =SUM(B7:G7) -> 1143.91
A8: July | B8: 144.33 | C8: =204.57 + 89.4 + 22.57 -> 316.54 | D8: 141.61 | E8: 125.83 | F8: 193.99 | G8: 316.61 | I8: =SUM(B8:G8) -> 1238.91
A9: August | B9: 127.11 | C9: =121.14 + 73 + 26.5 -> 220.64 | D9: 111.48 | E9: 162.4 | F9: 113.07 | G9: 378.28 | I9: =SUM(B9:G9) -> 1112.98
A10: September | B10: 229.13 | C10: =108.22 + 56.26 + 42.35 -> 206.83 | D10: 52.77 | E10: 196.64 | F10: 166.07 | G10: 695.22 | I10: =SUM(B10:G10) -> 1546.66
A11: October | B11: 67.21 | C11: =99.69 + 39.37 + 5.1 -> 144.16 | D11: 16.68 | E11: 136.68 | F11: 114.1 | G11: 574.19 | I11: =SUM(B11:G11) -> 1053.02
A12: November | B12: 214.06 | C12: =76.14 + 44 + 20.13 -> 140.27 | D12: 73.9 | E12: 340.81 | F12: 41 | G12: 956.11 | I12: =SUM(B12:G12) -> 1766.15
A13: December | B13: 75.17 | C13: =56.62 + 25 + 8.15 -> 89.77 | D13: 39.98 | E13: 93.38 | F13: 469.98 | G13: 433.14 | I13: =SUM(B13:G13) -> 1201.42
A15: Totals | B15: =SUM(B2:B13) -> 1612.63 | C15: =SUM(C2:C13) -> 1814.99 | D15: =SUM(D2:D13) -> 617.34 | E15: =SUM(E2:E13) -> 1421.28 | F15: =SUM(F2:F13) -> 2486.06 | G15: =SUM(G2:G13) -> 4241.33 | I15: =SUM(B15:G15) -> 12193.63
A17: Averages | B17: =QUOTIENT(SUM(B4:B13),10) -> 161 | C17: =QUOTIENT(SUM(C4:C13),10) -> 181 | D17: =QUOTIENT(SUM(D4:D13),10) -> 61 | E17: =QUOTIENT(SUM(E4:E13),10) -> 142 | F17: =QUOTIENT(SUM(F4:F13),10) -> 248 | G17: =QUOTIENT(SUM(G4:G13),10) -> 424 | I17: =QUOTIENT(SUM(I4:I13),10) -> 1219

Sheet 2017

Sheet 2018
B1: Groceries | C1: Eating Out | D1: Car | E1: Bills | F1: Other | H1: Totals
A2: January | B2: =[2]January!B36 -> 51.1 | C2: =[2]January!C36 -> 110.63 | D2: =[2]January!D36 -> 41.79 | E2: =[2]January!E36 -> 700.97 | F2: =[2]January!G36 -> 194.02 | H2: =SUM(B2:F2) -> 1098.51
A3: February | B3: =[2]February!B44 -> 67.35 | C3: =[2]February!C44 -> 293.79 | D3: =[2]February!D44 -> 60.16 | E3: =[2]February!E44 -> 715.96 | F3: =[2]February!G44 -> 267.47 | H3: =SUM(B3:F3) -> 1404.73
A4: March | B4: =[2]March!B46 -> 257.29 | C4: =[2]March!C46 -> 401.85 | D4: =[2]March!D46 -> 111.32 | E4: =[2]March!E46 -> 1010.47 | F4: =[2]March!G46 -> 403.83 | H4: =SUM(B4:F4) -> 2184.76
A5: April | B5: =[2]April!B45 -> 146.68 | C5: =[2]April!C45 -> 335.07 | D5: =[2]April!D45 -> 166.98 | E5: =[2]April!E45 -> 698.26 | F5: =[2]April!G45 -> 398.11 | H5: =SUM(B5:F5) -> 1745.1
A6: May | B6: =[2]May!B39 -> 190.1 | C6: =[2]May!C39 -> 213.07 | D6: =[2]May!D39 -> 41.8 | E6: =[2]May!E39 -> 795.95 | F6: =[2]May!G39 -> 454.65 | H6: =SUM(B6:F6) -> 1695.57
A7: June | B7: =[2]June!B46 -> 105.37 | C7: =[2]June!C46 -> 290.31 | D7: =[2]June!D46 -> 136.02 | E7: =[2]June!E46 -> 793.44 | F7: =[2]June!G46 -> 215.99 | H7: =SUM(B7:F7) -> 1541.13
A8: July | B8: =[2]July!B47 -> 142.61 | C8: =[2]July!C47 -> 410.16 | D8: =[2]July!D47 -> 158.42 | E8: =[2]July!E47 -> 842.51 | F8: =[2]July!G47 -> 402.45 | H8: =SUM(B8:F8) -> 1956.15
A9: August | B9: =[2]August!B43 -> 206.52 | C9: =[2]August!C43 -> 266.96 | D9: =[2]August!D43 -> 198.61 | E9: =[2]August!E43 -> 841.59 | F9: =[2]August!G43 -> 221.11 | H9: =SUM(B9:F9) -> 1734.79
A10: September | B10: =[2]September!B45 -> 46.78 | C10: =[2]September!C45 -> 340.49 | D10: =[2]September!D45 -> 46.96 | E10: =[2]September!E45 -> 832.33 | F10: =[2]September!G45 -> 624.08 | H10: =SUM(B10:F10) -> 1890.64
A11: October | B11: =[2]October!B42 -> 67.89 | C11: =[2]October!C42 -> 332.76 | D11: =[2]October!D42 -> 22.55 | E11: =[2]October!E42 -> 886.35 | F11: =[2]October!G42 -> 1012.88 | H11: =SUM(B11:F11) -> 2322.43
A12: November | B12: =[2]November!B34 -> 115 | C12: =[2]November!C34 -> 333.08 | D12: =[2]November!D34 -> 47.61 | E12: =[2]November!E34 -> 693.36 | F12: =[2]November!G34 -> 439.58 | H12: =SUM(B12:F12) -> 1628.63
A13: December | B13: =[2]December!B34 -> 196.06 | C13: =[2]December!C34 -> 392.72 | D13: =[2]December!D34 -> 115.75 | E13: =[2]December!E34 -> 809.14 | F13: =[2]December!G34 -> 255.09 | H13: =SUM(B13:F13) -> 1768.76
A15: Totals | B15: =SUM(B2:B13) -> 1592.75 | C15: =SUM(C2:C13) -> 3720.89 | D15: =SUM(D2:D13) -> 1147.97 | E15: =SUM(E2:E13) -> 9620.33 | F15: =SUM(F2:F13) -> 4889.26 | H15: =SUM(B15:F15) -> 20971.2
A17: Averages | B17: =QUOTIENT(SUM(B2:B13),12) -> 132 | C17: =QUOTIENT(SUM(C2:C13),12) -> 310 | D17: =QUOTIENT(SUM(D2:D13),12) -> 95 | E17: =QUOTIENT(SUM(E2:E13),12) -> 801 | F17: =QUOTIENT(SUM(F2:F13),12) -> 407 | H17: =QUOTIENT(H15,12) -> 1747

Sheet 2019
