Workbook

Sheet Year
B1: Groceries | C1: Eating Out | D1: Drugs | E1: Car | F1: Bills | G1: Other | I1: Totals
A2: January | B2: =January!B34 -> 80.58 | C2: =January!C34 -> 54.82 | D2: =January!D34 -> 0 | E2: =January!E34 -> 62.98 | F2: =January!F34 -> 559.99 | G2: =January!H34 -> 350.99 | I2: =SUM(B2:G2) -> 1109.36
A3: February | B3: =February!B31 -> 28.47 | C3: =February!C31 -> 66.72 | D3: =February!D31 -> 40 | E3: =February!E31 -> 0 | F3: =February!F31 -> 549.99 | G3: =February!H31 -> 333.16 | I3: =SUM(B3:G3) -> 1018.34
A4: March | B4: =March!B34 -> 68.72 | C4: =March!C34 -> 148.94 | D4: =March!D34 -> 0 | E4: =March!E34 -> 62.54 | F4: =March!F34 -> 526.61 | G4: =March!H34 -> 2786.92 | I4: =SUM(B4:G4) -> 3593.73
A5: April | B5: =April!B33 -> 61.32 | C5: =April!C33 -> 49.57 | D5: =April!D33 -> 76.95 | E5: =April!E33 -> 171.94 | F5: =April!F33 -> 526.99 | G5: =April!H33 -> 1546.76 | I5: =SUM(B5:G5) -> 2433.53
A6: May | B6: =May!B38 -> 358.39 | C6: =May!C38 -> 259.47 | D6: =May!D38 -> 18.24 | E6: =May!E38 -> 70.13 | F6: =May!F38 -> 0 | G6: =May!H38 -> 505.56 | I6: =SUM(B6:G6) -> 1211.79
A7: June | B7: =June!B33 -> 55.15 | C7: =June!C33 -> 92.25 | D7: =June!D33 -> 0 | E7: =June!E33 -> 140.73 | F7: =June!F33 -> 0 | G7: =June!H33 -> 0 | I7: =SUM(B7:G7) -> 288.13
A8: July | B8: =July!B34 -> 98.95 | C8: =July!C34 -> 152.83 | D8: =July!D34 -> 0 | E8: =July!E34 -> 92.91 | F8: =July!F34 -> 0 | G8: =July!H34 -> 860.24 | I8: =SUM(B8:G8) -> 1204.93
A9: August | B9: =August!B34 -> 0 | C9: =August!C34 -> 0 | D9: =August!D34 -> 0 | E9: =August!E34 -> 0 | F9: =August!F34 -> 0 | G9: =August!H34 -> 1059.06 | I9: =SUM(B9:G9) -> 1059.06
A10: September | B10: =September!B33 -> 125.4 | C10: =September!C33 -> 0 | D10: =September!D33 -> 0 | E10: =September!E33 -> 0 | F10: =September!F33 -> 0 | G10: =September!H33 -> 11.98 | I10: =SUM(B10:G10) -> 137.38
A11: October | B11: =October!B34 -> 45.92 | C11: =October!C34 -> 113.29 | D11: =October!D34 -> 0 | E11: =October!E34 -> 139.73 | F11: =October!F34 -> 0 | G11: =October!H34 -> 85.86 | I11: =SUM(B11:G11) -> 384.8
A12: November | B12: =November!B33 -> 31.78 | C12: =November!C33 -> 42.93 | D12: =November!D33 -> 0 | E12: =November!E33 -> 82.62 | F12: =November!F33 -> 0 | G12: =November!H33 -> 7.98 | I12: =SUM(B12:G12) -> 165.31
A13: December | B13: =December!B34 -> 23.72 | C13: =December!C34 -> 0 | D13: =December!D34 -> 0 | E13: =December!E34 -> 34.2 | F13: =December!F34 -> 0 | G13: =December!H34 -> 0 | I13: =SUM(B13:G13) -> 57.92
A15: Totals | B15: =SUM(B2:B13) -> 978.4 | C15: =SUM(C2:C13) -> 980.82 | D15: =SUM(D2:D13) -> 135.19 | E15: =SUM(E2:E13) -> 857.78 | F15: =SUM(F2:F13) -> 2163.58 | G15: =SUM(G2:G13) -> 7548.51 | I15: =SUM(B15:G15) -> 12664.28

Sheet January
B1: Groceries | C1: Eating Out | D1: Drugs | E1: Car | F1: Bills | H1: Other
A2: 42736 | F2: 9.99 | G2: Spotify
A3: 42737 | F3: 550 | G3: Rent
A4: 42738 | B4: 9.4 | H4: 17 | I4: Climbing
A5: 42739 | H5: 14.99
A6: 42740 | C6: 7.75 | E6: 31.26 | H6: 78.75 | I6: Ticket
A7: 42741 | B7: =20.9 + 9.78 -> 30.68
A8: 42742
A9: 42743
A10: 42744
A11: 42745
A12: 42746
A13: 42747
A14: 42748
A15: 42749
A16: 42750
A17: 42751
A18: 42752
A19: 42753
A20: 42754 | H20: 34.99 | I20: Insoles
A21: 42755 | H21: 41.26 | I21: CVS Drugs
A22: 42756 | E22: 31.72 | H22: 40 | I22: Boot punch
A23: 42757
A24: 42758
A25: 42759
A26: 42760 | C26: 35.57
A27: 42761 | H27: 84 | I27: Towing
A28: 42762 | C28: =SUM(5.5,3) -> 8.5 | H28: 40 | I28: ATM Withdrawl
A29: 42763
A30: 42764
A31: 42765
A32: 42766 | B32: 40.5 | C32: 3
A34: Totals | B34: =SUM(B2:B32) -> 80.58 | C34: =SUM(C2:C32) -> 54.82 | D34: =SUM(D2:D32) -> 0 | E34: =SUM(E2:E32) -> 62.98 | F34: =SUM(F2:F32) -> 559.99 | H34: =SUM(H2:H32) -> 350.99

Sheet February
B1: Groceries | C1: Eating Out | D1: Drugs | E1: Car | F1: Bills | H1: Other
A2: 42767 | F2: 9.99 | G2: Spotify
A3: 42768 | F3: 480 | G3: Rent
A4: 42769 | B4: 14.07 | H4: 135 | I4: Something
A5: 42770
A6: 42771 | H6: 107.76 | I6: Walmart
A7: 42772 | C7: 20 | D7: 40 | H7: 11 | I7: Uber
A8: 42773 | H8: 13.15 | I8: Uber
A9: 42774 | H9: 10.25 | I9: Uber
A10: 42775
A11: 42776 | B11: 11.41 | C11: 2
A12: 42777
A13: 42778 | H13: 39 | I13: TaxSlayer
A14: 42779 | C14: 7.6
A15: 42780 | C15: 15
A16: 42781
A17: 42782
A18: 42783
A19: 42784 | C19: 12.88
A20: 42785 | H20: 17 | I20: Climbing
A21: 42786 | C21: 9.24
A22: 42787
A23: 42788
A24: 42789 | B24: 2.99
A25: 42790 | F25: 60 | G25: Phone Bill
A26: 42791
A27: 42792
A28: 42793
A29: 42794
A31: Totals | B31: =SUM(B2:B29) -> 28.47 | C31: =SUM(C2:C29) -> 66.72 | D31: =SUM(D2:D29) -> 40 | E31: =SUM(E2:E29) -> 0 | F31: =SUM(F2:F29) -> 549.99 | H31: =SUM(H2:H29) -> 333.16

Sheet March
B1: Groceries | C1: Eating Out | D1: Drugs | E1: Car | F1: Bills | H1: Other
A2: 42795 | F2: 9.99 | G2: Spotify
A3: 42796 | F3: 450 | G3: Rent
A4: 42797 | C4: 12 | F4: 66.62 | G4: Phone Bill | H4: 9 | I4: Guitar strings
A5: 42798 | H5: 120 | I5: ATM withdrawl
A6: 42799 | H6: 32.45 | I6: Concert Tickets
A7: 42800 | C7: 18
A8: 42801 | C8: 8.98
A9: 42802
A10: 42803 | H10: 50 | I10: YNAB
A11: 42804 | B11: 10.49
A12: 42805 | C12: =SUM(4.75,5.15) -> 9.9
A13: 42806
A14: 42807 | B14: 14.13 | C14: =SUM(2.75,9.5) -> 12.25 | H14: 2030 | I14: Transmission Fix
A15: 42808 | B15: 18.77 | H15: 51.87 | I15: Party Costume
A16: 42809
A17: 42810 | C17: 7.44 | H17: 433.6 | I17: Flight to WI
A18: 42811 | E18: 31.09
A19: 42812 | B19: 18.15 | C19: 8.97
A20: 42813
A21: 42814
A22: 42815 | C22: 16.16
A23: 42816 | E23: 31.45
A24: 42817
A25: 42818 | C25: 4.24
A26: 42819 | B26: 7.18
A27: 42820
A28: 42821 | C28: 9
A29: 42822
A30: 42823
A31: 42824 | C31: 15 | H31: 60 | I31: Airport thing
A32: 42825 | C32: =SUM(24,15) -> 39
A34: Totals | B34: =SUM(B5:B32) -> 68.72 | C34: =SUM(C5:C32) -> 148.94 | D34: =SUM(D5:D32) -> 0 | E34: =SUM(E5:E32) -> 62.54 | F34: =SUM(F2:F32) -> 526.61 | H34: =SUM(H2:H32) -> 2786.92

Sheet April
B1: Groceries | C1: Eating Out | D1: Drugs | E1: Car | F1: Bills | H1: Other
A2: 42826 | B2: 23.7 | C2: 6.68 | F2: 9.99 | G2: Spotify
A3: 42827 | F3: 450 | G3: Rent
A4: 42828 | D4: 27 | E4: 30.79
A5: 42829
A6: 42830
A7: 42831 | B7: 3.83 | C7: 2.5 | E7: 18.11
A8: 42832
A9: 42833
A10: 42834
A11: 42835 | C11: =SUM(8.5,2.75) -> 11.25 | D11: 49.95 | F11: 67 | G11: Phone Bill | H11: 52 | I11: Greg Boyds
A12: 42836
A13: 42837 | B13: 26.06
A14: 42838 | C14: 9 | H14: 352 | I14: flight to NY?
A15: 42839
A16: 42840
A17: 42841
A18: 42842 | H18: 295 | I18: AirBNB NY?
A19: 42843
A20: 42844 | H20: 763 | I20: Truck Tune Up
A21: 42845
A22: 42846 | E22: 29.47 | H22: 16 | I22: Climbing WildWalls
A23: 42847
A24: 42848 | H24: 19.95 | I24: Dodo's Delight
A25: 42849
A26: 42850 | B26: 31.43 | C26: 0.99 | E26: 29.12
A27: 42851 | C27: 15.75 | E27: 27.36
A28: 42852
A29: 42853
A30: 42854 | C30: =SUM(8.49,1.59) -> 10.08 | E30: 37.09 | H30: 48.81 | I30: Yoga Mat + Foam Roller
A31: 42855
A33: Totals | B33: =SUM(B4:B31) -> 61.32 | C33: =SUM(C4:C31) -> 49.57 | D33: =SUM(D4:D31) -> 76.95 | E33: =SUM(E4:E31) -> 171.94 | F33: =SUM(F2:F31) -> 526.99 | H33: =SUM(H4:H31) -> 1546.76

Sheet May
B1: Groceries | C1: Eating Out | D1: Drugs | E1: Car | F1: Bills | H1: Other
A2: 42856 | B2: 35.54 | C2: =SUM(22,21) -> 43 | F2: 9.99 | G2: Spotify
A3: 42857 | C3: 9
A4: 42858 | C4: =9.71 + 25 -> 34.71
A5: 42859 | C5: 9.99
A6: 42860 | C6: 6.76
A7: 42861 | B7: =6.2 + 133.08 -> 139.28 | C7: =26 + 12 -> 38 | E7: 36.29 | H7: 92.21 | I7: Firefighting supplies
A8: 42862 | B8: 105.04 | C8: 4.87
A9: 42863 | H9: 173.76 | I9: Apartment Cleaning
A10: 42864
A11: 42865
A12: 42866 | C12: 20
A13: 42867 | C13: 10.54 | H13: 43 | I13: ATM withdrawl
A14: 42868
A15: 42869
A16: 42870 | C16: 17.89
A17: 42871 | B17: 24.69
A18: 42872 | B18: 2.46
A19: 42873 | C19: 25
A20: 42874 | E20: 33.84
A21: 42875 | B21: 17.78 | H21: 63.5 | I21: Train ticket NY
A22: 42876 | H22: 6 | I22: Train ticket NY
A23: 42877 | C23: 24 | D23: 10.13 | H23: 26.59 | I23: Sandals for Emma
A24: 42878 | H24: 6.5 | I24: NY Something
H25: 6 | I25: Train ticket NY
A26: 42879 | B26: =SUM(44.05,25.09) -> 69.14 | C26: =SUM(10.83,11.5) -> 22.33 | D26: 8.11 | H26: 23 | I26: ATM for hustler
C27: 70 | H27: 51 | I27: Pedicure
C28: =SUM(5.25,4.84) -> 10.09 | H28: 14 | I28: Train ticket NY
A30: 42880
A31: 42881
A32: 42882
A33: 42883
A34: 42884
A35: 42885
A36: 42886
A38: Totals | B38: =SUM(B5:B36) -> 358.39 | C38: =SUM(C5:C36) -> 259.47 | D38: =SUM(D5:D36) -> 18.24 | E38: =SUM(E5:E36) -> 70.13 | F38: =SUM(F5:F36) -> 0 | H38: =SUM(H5:H36) -> 505.56

Sheet June
B1: Groceries | C1: Eating Out | D1: Drugs | E1: Car | F1: Bills | H1: Other
A2: 42887 | F2: 9.99 | G2: Spotify
A3: 42888
A4: 42889
A5: 42890
A6: 42891
A7: 42892
A8: 42893
A9: 42894
A10: 42895
A11: 42896
A12: 42897
A13: 42898
A14: 42899
... A25: 42910
A26: 42911 | C26: =39 + 40 -> 79 | E26: 34.3
A27: 42912 | C27: =1.47 + 8.79 + 2.99 -> 13.25 | E27: =36.38 + 30.02 -> 66.4
A28: 42913 | E28: 40.03
A29: 42914 | B29: 55.15
A30: 42915
A31: 42916
A33: Totals | B33: =SUM(B4:B31) -> 55.15 | C33: =SUM(C4:C31) -> 92.25 | D33: =SUM(D4:D31) -> 0 | E33: =SUM(E4:E31) -> 140.73 | F33: =SUM(F4:F31) -> 0 | H33: =SUM(H4:H31) -> 0

Sheet July
B1: Groceries | C1: Eating Out | D1: Drugs | E1: Car | F1: Bills | H1: Other
A2: 42917 | F2: 9.99 | G2: Spotify
A3: 42918
A4: 42919
A5: 42920
A6: 42921
A7: 42922
A8: 42923
A9: 42924
A10: 42925
A11: 42926 | C11: 20.94 | E11: 28.63 | H11: 14.24 | I11: ?
A12: 42927 | C12: 18.21
A13: 42928 | B13: 7.36 | C13: =6.27+4.28 -> 10.55
A14: 42929 | B14: =11.23 + 22.22 -> 33.45
A15: 42930 | C15: 53.91
A16: 42931 | B16: 58.14 | C16: =20.18 + 9.01 -> 29.19 | E16: =11.11+27.26+25.91 -> 64.28
A17: 42932 | C17: 20.03
A18: 42933
A19: 42934
A20: 42935
A21: 42936
A22: 42937
A23: 42938
A24: 42939
A25: 42940
A26: 42941
A27: 42942
A28: 42943
A29: 42944
A30: 42945
A31: 42946 | H31: 846 | I31: New Zealand Ticket
A32: 42947
A34: Totals | B34: =SUM(B5:B32) -> 98.95 | C34: =SUM(C5:C32) -> 152.83 | D34: =SUM(D5:D32) -> 0 | E34: =SUM(E5:E32) -> 92.91 | F34: =SUM(F5:F32) -> 0 | H34: =SUM(H5:H32) -> 860.24

Sheet August
B1: Groceries | C1: Eating Out | D1: Drugs | E1: Car | F1: Bills | H1: Other
A2: 42948 | F2: 9.99 | G2: Spotify
A3: 42949
A4: 42950
A5: 42951
A6: 42952
A7: 42953
A8: 42954
A9: 42955
A10: 42956
A11: 42957
A12: 42958
A13: 42959
A14: 42960
... A20: 42966
A21: 42967 | H21: =8.37 + 0.99 -> 9.36 | I21: Kindle Book
A22: 42968 | H22: 901.41 | I22: Camera
A23: 42969
A24: 42970
A25: 42971 | H25: 144.3 | I25: Pants
A26: 42972 | H26: 3.99 | I26: Movie
A27: 42973
A28: 42974
A29: 42975
A30: 42976
A31: 42977
A32: 42978
A34: Totals | B34: =SUM(B5:B32) -> 0 | C34: =SUM(C5:C32) -> 0 | D34: =SUM(D5:D32) -> 0 | E34: =SUM(E5:E32) -> 0 | F34: =SUM(F5:F32) -> 0 | H34: =SUM(H5:H32) -> 1059.06

Sheet September
B1: Groceries | C1: Eating Out | D1: Drugs | E1: Car | F1: Bills | H1: Other
A2: 42979 | F2: 9.99 | G2: Spotify
A3: 42980
A4: 42981
A5: 42982
A6: 42983
A7: 42984
A8: 42985
A9: 42986
A10: 42987
A11: 42988
A12: 42989
A13: 42990
A14: 42991
A15: 42992 | B15: 83.9
A16: 42993
A17: 42994 | B17: 41.5
A18: 42995
A19: 42996
A20: 42997
A21: 42998 | H21: 11.98 | I21: Book
A22: 42999
A23: 43000
A24: 43001
A25: 43002
A26: 43003
A27: 43004
A28: 43005
A29: 43006
A30: 43007
A31: 43008
A33: Totals | B33: =SUM(B4:B31) -> 125.4 | C33: =SUM(C4:C31) -> 0 | D33: =SUM(D4:D31) -> 0 | E33: =SUM(E4:E31) -> 0 | F33: =SUM(F4:F31) -> 0 | H33: =SUM(H4:H31) -> 11.98

Sheet October
B1: Groceries | C1: Eating Out | D1: Drugs | E1: Car | F1: Bills | H1: Other
A2: 43009 | F2: 9.99 | G2: Spotify
A3: 43010
A4: 43011
A5: 43012
A6: 43013
A7: 43014
A8: 43015
A9: 43016
A10: 43017
A11: 43018
A12: 43019 | E12: 26.36 | H12: 11.02 | I12: Something for Bailey
A13: 43020 | C13: 18.12
A14: 43021 | B14: 2.17 | C14: 50 | E14: 24.52
A15: 43022 | H15: 9.9 | I15: Climbing Gear
A16: 43023 | B16: =18.45 + 25.3 -> 43.75 | C16: 9.83 | E16: 50.76 | H16: 16.07 | I16: Vancouver metro pass
H17: 8.87 | I17: ?
A18: 43024
A19: 43025 | C19: =11.26 + 3.58 -> 14.84 | E19: 38.09
A20: 43026 | C20: 6.5
A21: 43027
A22: 43028
A23: 43029
A24: 43030
A25: 43031
A26: 43032 | C26: 4
A27: 43033 | H27: 40 | I27: Career Services test
A28: 43034 | C28: 10
A29: 43035
A30: 43036
A31: 43037
A32: 43038
A33: 43039
B34: =SUM(B5:B32) -> 45.92 | C34: =SUM(C5:C32) -> 113.29 | D34: =SUM(D5:D32) -> 0 | E34: =SUM(E5:E32) -> 139.73 | F34: =SUM(F5:F32) -> 0 | H34: =SUM(H5:H32) -> 85.86
A35: Totals

Sheet November
B1: Groceries | C1: Eating Out | D1: Drugs | E1: Car | F1: Bills | H1: Other
A2: 43040 | F2: 9.99 | G2: Spotify
A3: 43041
A4: 43042
A5: 43043
A6: 43044
A7: 43045
A8: 43046
A9: 43047
A10: 43048
A11: 43049
A12: 43050
A13: 43051
A14: 43052
... A16: 43054
A17: 43055 | B17: 31.78
A18: 43056
A19: 43057
A20: 43058
A21: 43059
A22: 43060
A23: 43061
A24: 43062
A25: 43063
A26: 43064
A27: 43065
A28: 43066 | E28: 39.87 | H28: 7.98 | I28: Climbing
A29: 43067 | C29: 7.98 | E29: 42.75
A30: 43068 | C30: =19 + 8.5 -> 27.5
A31: 43069 | C31: 7.45
A33: Totals | B33: =SUM(B4:B31) -> 31.78 | C33: =SUM(C4:C31) -> 42.93 | D33: =SUM(D4:D31) -> 0 | E33: =SUM(E4:E31) -> 82.62 | F33: =SUM(F4:F31) -> 0 | H33: =SUM(H4:H31) -> 7.98

Sheet December
B1: Groceries | C1: Eating Out | D1: Drugs | E1: Car | F1: Bills | H1: Other
A2: 43070 | F2: 9.99 | G2: Spotify
A3: 43071
A4: 43072
A5: 43073
A6: 43074
A7: 43075
A8: 43076
A9: 43077
A10: 43078
A11: 43079
A12: 43080 | B12: 23.72 | E12: 34.2
A13: 43081
A14: 43082
A15: 43083
A16: 43084
A17: 43085
A18: 43086
A19: 43087
A20: 43088
A21: 43089
A22: 43090
A23: 43091
A24: 43092
... A32: 43100
A34: Totals | B34: =SUM(B5:B32) -> 23.72 | C34: =SUM(C5:C32) -> 0 | D34: =SUM(D5:D32) -> 0 | E34: =SUM(E5:E32) -> 34.2 | F34: =SUM(F5:F32) -> 0 | H34: =SUM(H5:H32) -> 0

Sheet Sheet14
A1: D
